{"initial_reset_timestamp": 1599226727.5423982, "timestamps": [1599226728.4866974], "episode_lengths": [16], "episode_rewards": [16.0], "episode_types": ["t"]}