{"initial_reset_timestamp": 1599225026.6566658, "timestamps": [1599225027.5218074], "episode_lengths": [2], "episode_rewards": [2.0], "episode_types": ["t"]}