{"initial_reset_timestamp": 1599200861.1758842, "timestamps": [1599200861.8573215], "episode_lengths": [16], "episode_rewards": [16.0], "episode_types": ["t"]}