{"initial_reset_timestamp": 1599200902.9149523, "timestamps": [1599200903.3455293], "episode_lengths": [10], "episode_rewards": [10.0], "episode_types": ["t"]}