{"initial_reset_timestamp": 1599225464.4331808, "timestamps": [1599225489.2315228], "episode_lengths": [1000], "episode_rewards": [-793.9995837396843], "episode_types": ["t"]}