{"initial_reset_timestamp": 1599225256.1803918, "timestamps": [1599225280.6084292], "episode_lengths": [1000], "episode_rewards": [-781.6977950577626], "episode_types": ["t"]}