{"initial_reset_timestamp": 1599201091.4415483, "timestamps": [1599201092.401099], "episode_lengths": [33], "episode_rewards": [33.0], "episode_types": ["t"]}