{"initial_reset_timestamp": 1599201190.536575, "timestamps": [1599201191.2035391], "episode_lengths": [10], "episode_rewards": [10.0], "episode_types": ["t"]}